Level,ModelId,ModelVersion,Alpha,Status,MoveLimit,ShortestSolutionMoves,DifficultyScore,WinProbability,FailProbability,StateCount,TransitionCount,ElapsedSeconds,Message
Level 1,AlphaGoodMoveMixture,1,0,Complete,20,1,0.0036561584400574,0.99996343841559943,3.6561584400574E-05,6,30,0.055339,Analysis completed using the exact state graph and α = 0 policy.
Level 1,AlphaGoodMoveMixture,1,0.5,Complete,20,1,3.4867886355982591E-09,0.99999999996513211,3.4867886355982591E-11,6,30,0.0009788,Analysis completed using the exact state graph and α = 0.5 policy.
Level 1,AlphaGoodMoveMixture,1,1,Complete,20,1,0,1,0,6,30,0.0007739,Analysis completed using the exact state graph and α = 1 policy.
Level 2,AlphaGoodMoveMixture,1,0,Complete,20,2,11.091402099453362,0.88908597900546638,0.11091402099453362,30,270,0.0032313,Analysis completed using the exact state graph and α = 0 policy.
Level 2,AlphaGoodMoveMixture,1,0.5,Complete,20,2,0.0011475559852591743,0.99998852444014741,1.1475559852591743E-05,30,270,0.001575,Analysis completed using the exact state graph and α = 0.5 policy.
Level 2,AlphaGoodMoveMixture,1,1,Complete,20,2,0,1,0,30,270,0.0018797,Analysis completed using the exact state graph and α = 1 policy.
Level 3,AlphaGoodMoveMixture,1,0,Complete,20,2,11.091402099453362,0.88908597900546638,0.11091402099453362,30,270,0.0021084999999999997,Analysis completed using the exact state graph and α = 0 policy.
Level 3,AlphaGoodMoveMixture,1,0.5,Complete,20,2,0.0011475559852591743,0.99998852444014741,1.1475559852591743E-05,30,270,0.0018991,Analysis completed using the exact state graph and α = 0.5 policy.
Level 3,AlphaGoodMoveMixture,1,1,Complete,20,2,0,1,0,30,270,0.0021279,Analysis completed using the exact state graph and α = 1 policy.
TestLevel,AlphaGoodMoveMixture,1,0,Complete,20,0,0,1,0,1,0,0.00076149999999999992,Analysis completed using the exact state graph and α = 0 policy.
TestLevel,AlphaGoodMoveMixture,1,0.5,Complete,20,0,0,1,0,1,0,0.0007358,Analysis completed using the exact state graph and α = 0.5 policy.
TestLevel,AlphaGoodMoveMixture,1,1,Complete,20,0,0,1,0,1,0,0.0007938,Analysis completed using the exact state graph and α = 1 policy.
