Level,Mode,N,S,W,E,M,AngryMain,MeanSeatDegree,TotalAssignments,A,B,BEstimate,C,D,F,SolverExact,SolutionsFound,Nodes,MinMoves,BestFoundMoves,Bonus,DifficultyScore,Valid
Level 1,exact,1,4,2,3,20,0,1.0,4,0.05042206041669452,0.0,0.0,0.0,0.05,1.0,True,4,14,1,1,0.0,1.9309088458337227,True
Level 1,estimate,1,4,2,3,20,0,1.0,4,0.05042206041669452,0.0,0.0,0.0,0.05,1.0,False,0,0,1,-1,0.0,1.9309088458337227,True
Level 1,budget,1,4,2,3,20,0,1.0,4,0.05042206041669452,0.0,0.0,0.0,0.05,1.0,True,4,14,1,1,0.0,1.9309088458337227,True
Level 2,exact,2,4,2,2,20,0,1.0,12,0.0903805979014732,0.014747507276431432,0.06917291654647396,1.0,0.1,1.0,True,8,27,2,2,0.0,14.52502602342568,True
Level 2,estimate,2,4,2,2,20,0,1.0,12,0.0903805979014732,0.06917291654647396,0.06917291654647396,1.0,0.1,1.0,False,0,0,2,-1,0.0,15.667959618096578,True
Level 2,budget,2,4,2,2,20,0,1.0,12,0.0903805979014732,0.06917291654647396,0.06917291654647396,1.0,0.1,1.0,False,5,21,2,2,0.0,15.667959618096578,True
Level 3,exact,2,6,2,4,20,0,0.6666666666666666,30,0.12370776703494143,0.005204839308371097,0.0584520901852875,1.0,0.1,1.0,True,26,93,2,2,0.0,14.791210363964973,True
Level 3,estimate,2,6,2,4,20,0,0.6666666666666666,30,0.12370776703494143,0.0584520901852875,0.0584520901852875,1.0,0.1,1.0,False,0,0,2,-1,0.0,15.909402632380218,True
Level 3,budget,2,6,2,4,20,0,0.6666666666666666,30,0.12370776703494143,0.0584520901852875,0.0584520901852875,1.0,0.1,1.0,False,4,21,2,2,0.0,15.909402632380218,True
TestLevel,exact,0,7,4,7,20,,,,,,,,,,,,,,,,,False
TestLevel,estimate,0,7,4,7,20,,,,,,,,,,,,,,,,,False
TestLevel,budget,0,7,4,7,20,,,,,,,,,,,,,,,,,False
